{"color":[1,0,1],"vertices":[4,0,0,3.464101615137755,0,1.9999999999999998,2.0000000000000004,0,3.4641016151377544,2.4492935982947064e-16,0,4,-1.9999999999999991,0,3.464101615137755,-3.464101615137754,0,2.0000000000000013,-4,0,4.898587196589413e-16,-3.4641016151377553,0,-1.999999999999999,-2.0000000000000018,0,-3.4641016151377535,-7.347880794884119e-16,0,-4,1.9999999999999973,0,-3.464101615137756,3.4641016151377535,0,-2.0000000000000018,3.6427344100918364,1,0.9760677434251697,2.666666666666667,1,2.6666666666666665,0.9760677434251704,1,3.642734410091836,-0.9760677434251692,1,3.6427344100918364,-2.6666666666666665,1,2.666666666666667,-3.642734410091836,1,0.9760677434251707,-3.642734410091837,1,-0.9760677434251681,-2.6666666666666683,1,-2.666666666666665,-0.9760677434251726,1,-3.6427344100918355,0.976067743425168,1,-3.642734410091837,2.666666666666666,1,-2.6666666666666674,3.6427344100918355,1,-0.9760677434251728,2.9814239699997196,2,0,2.5819888974716116,2,1.4907119849998596,1.49071198499986,2,2.581988897471611,1.8255956608806755e-16,2,2.9814239699997196,-1.4907119849998591,2,2.5819888974716116,-2.5819888974716108,2,1.4907119849998607,-2.9814239699997196,2,3.651191321761351e-16,-2.5819888974716116,2,-1.490711984999859,-1.4907119849998611,2,-2.5819888974716103,-5.476786982642026e-16,2,-2.9814239699997196,1.4907119849998578,2,-2.5819888974716125,2.5819888974716103,2,-1.4907119849998611,0,3,0,4,0,0,3.464101615137755,0,1.9999999999999998,2.0000000000000004,0,3.4641016151377544,2.4492935982947064e-16,0,4,-1.9999999999999991,0,3.464101615137755,-3.464101615137754,0,2.0000000000000013,-4,0,4.898587196589413e-16,-3.4641016151377553,0,-1.999999999999999,-2.0000000000000018,0,-3.4641016151377535,-7.347880794884119e-16,0,-4,1.9999999999999973,0,-3.464101615137756,3.4641016151377535,0,-2.0000000000000018,3.6427344100918364,-1,0.9760677434251697,2.666666666666667,-1,2.6666666666666665,0.9760677434251704,-1,3.642734410091836,-0.9760677434251692,-1,3.6427344100918364,-2.6666666666666665,-1,2.666666666666667,-3.642734410091836,-1,0.9760677434251707,-3.642734410091837,-1,-0.9760677434251681,-2.6666666666666683,-1,-2.666666666666665,-0.9760677434251726,-1,-3.6427344100918355,0.976067743425168,-1,-3.642734410091837,2.666666666666666,-1,-2.6666666666666674,3.6427344100918355,-1,-0.9760677434251728,2.9814239699997196,-2,0,2.5819888974716116,-2,1.4907119849998596,1.49071198499986,-2,2.581988897471611,1.8255956608806755e-16,-2,2.9814239699997196,-1.4907119849998591,-2,2.5819888974716116,-2.5819888974716108,-2,1.4907119849998607,-2.9814239699997196,-2,3.651191321761351e-16,-2.5819888974716116,-2,-1.490711984999859,-1.4907119849998611,-2,-2.5819888974716103,-5.476786982642026e-16,-2,-2.9814239699997196,1.4907119849998578,-2,-2.5819888974716125,2.5819888974716103,-2,-1.4907119849998611,0,-3,0,4,5,0,2.8284271247461903,5,2.82842712474619,2.4492935982947064e-16,5,4,-2.82842712474619,5,2.8284271247461903,-4,5,4.898587196589413e-16,-2.8284271247461907,5,-2.82842712474619,-7.347880794884119e-16,5,-4,2.8284271247461894,5,-2.8284271247461907,3.200412580765062,6.5,1.3256542961423672,1.3256542961423674,6.5,3.200412580765062,-1.325654296142367,6.5,3.200412580765062,-3.200412580765062,6.5,1.3256542961423674,-3.2004125807650623,6.5,-1.3256542961423667,-1.325654296142369,6.5,-3.200412580765061,1.3256542961423678,6.5,-3.2004125807650614,3.200412580765061,6.5,-1.3256542961423692,0,8,0,4,5,0,2.8284271247461903,5,2.82842712474619,2.4492935982947064e-16,5,4,-2.82842712474619,5,2.8284271247461903,-4,5,4.898587196589413e-16,-2.8284271247461907,5,-2.82842712474619,-7.347880794884119e-16,5,-4,2.8284271247461894,5,-2.8284271247461907,3.200412580765062,3.5,1.3256542961423672,1.3256542961423674,3.5,3.200412580765062,-1.325654296142367,3.5,3.200412580765062,-3.200412580765062,3.5,1.3256542961423674,-3.2004125807650623,3.5,-1.3256542961423667,-1.325654296142369,3.5,-3.200412580765061,1.3256542961423678,3.5,-3.2004125807650614,3.200412580765061,3.5,-1.3256542961423692,0,2,0],"indices":[0,1,12,1,12,13,1,2,13,2,13,14,2,3,14,3,14,15,3,4,15,4,15,16,4,5,16,5,16,17,5,6,17,6,17,18,6,7,18,7,18,19,7,8,19,8,19,20,8,9,20,9,20,21,9,10,21,10,21,22,10,11,22,11,22,23,11,0,23,0,23,12,12,13,24,13,24,25,13,14,25,14,25,26,14,15,26,15,26,27,15,16,27,16,27,28,16,17,28,17,28,29,17,18,29,18,29,30,18,19,30,19,30,31,19,20,31,20,31,32,20,21,32,21,32,33,21,22,33,22,33,34,22,23,34,23,34,35,23,12,35,12,35,24,24,25,36,25,36,36,25,26,36,26,36,36,26,27,36,27,36,36,27,28,36,28,36,36,28,29,36,29,36,36,29,30,36,30,36,36,30,31,36,31,36,36,31,32,36,32,36,36,32,33,36,33,36,36,33,34,36,34,36,36,34,35,36,35,36,36,35,24,36,24,36,36,37,38,49,38,49,50,38,39,50,39,50,51,39,40,51,40,51,52,40,41,52,41,52,53,41,42,53,42,53,54,42,43,54,43,54,55,43,44,55,44,55,56,44,45,56,45,56,57,45,46,57,46,57,58,46,47,58,47,58,59,47,48,59,48,59,60,48,37,60,37,60,49,49,50,61,50,61,62,50,51,62,51,62,63,51,52,63,52,63,64,52,53,64,53,64,65,53,54,65,54,65,66,54,55,66,55,66,67,55,56,67,56,67,68,56,57,68,57,68,69,57,58,69,58,69,70,58,59,70,59,70,71,59,60,71,60,71,72,60,49,72,49,72,61,61,62,73,62,73,73,62,63,73,63,73,73,63,64,73,64,73,73,64,65,73,65,73,73,65,66,73,66,73,73,66,67,73,67,73,73,67,68,73,68,73,73,68,69,73,69,73,73,69,70,73,70,73,73,70,71,73,71,73,73,71,72,73,72,73,73,72,61,73,61,73,73,74,75,82,75,82,83,75,76,83,76,83,84,76,77,84,77,84,85,77,78,85,78,85,86,78,79,86,79,86,87,79,80,87,80,87,88,80,81,88,81,88,89,81,74,89,74,89,82,82,83,90,83,90,90,83,84,90,84,90,90,84,85,90,85,90,90,85,86,90,86,90,90,86,87,90,87,90,90,87,88,90,88,90,90,88,89,90,89,90,90,89,82,90,82,90,90,91,92,99,92,99,100,92,93,100,93,100,101,93,94,101,94,101,102,94,95,102,95,102,103,95,96,103,96,103,104,96,97,104,97,104,105,97,98,105,98,105,106,98,91,106,91,106,99,99,100,107,100,107,107,100,101,107,101,107,107,101,102,107,102,107,107,102,103,107,103,107,107,103,104,107,104,107,107,104,105,107,105,107,107,105,106,107,106,107,107,106,99,107,99,107,107]}
