{"color":[1,0,1],"vertices":[4,0,0,2.0000000000000004,0,3.4641016151377544,-1.9999999999999991,0,3.464101615137755,-4,0,4.898587196589413e-16,-2.0000000000000018,0,-3.4641016151377535,1.9999999999999973,0,-3.464101615137756,3,1,1.732050807568877,2.1211504774498136e-16,1,3.4641016151377544,-2.999999999999999,1,1.7320508075688783,-3.0000000000000004,1,-1.7320508075688763,-6.363451432349441e-16,1,-3.4641016151377544,2.9999999999999987,1,-1.7320508075688787,0,2,0,4,0,0,2.0000000000000004,0,3.4641016151377544,-1.9999999999999991,0,3.464101615137755,-4,0,4.898587196589413e-16,-2.0000000000000018,0,-3.4641016151377535,1.9999999999999973,0,-3.464101615137756,3,-1,1.732050807568877,2.1211504774498136e-16,-1,3.4641016151377544,-2.999999999999999,-1,1.7320508075688783,-3.0000000000000004,-1,-1.7320508075688763,-6.363451432349441e-16,-1,-3.4641016151377544,2.9999999999999987,-1,-1.7320508075688787,0,-2,0],"indices":[0,1,6,1,6,7,1,2,7,2,7,8,2,3,8,3,8,9,3,4,9,4,9,10,4,5,10,5,10,11,5,0,11,0,11,6,6,7,12,7,12,12,7,8,12,8,12,12,8,9,12,9,12,12,9,10,12,10,12,12,10,11,12,11,12,12,11,6,12,6,12,12,13,14,19,14,19,20,14,15,20,15,20,21,15,16,21,16,21,22,16,17,22,17,22,23,17,18,23,18,23,24,18,13,24,13,24,19,19,20,25,20,25,25,20,21,25,21,25,25,21,22,25,22,25,25,22,23,25,23,25,25,23,24,25,24,25,25,24,19,25,19,25,25]}